{
  "name": "Discharge Summary Generator",
  "image": "mcr.microsoft.com/devcontainers/javascript-node:1-20-bullseye",
  "features": {
    "ghcr.io/devcontainers/features/github-cli:1": {},
    "ghcr.io/devcontainers/features/node:1": {
      "version": "20"
    }
  },
  "customizations": {
    "vscode": {
      "extensions": [
        "dbaeumer.vscode-eslint",
        "esbenp.prettier-vscode",
        "bradlc.vscode-tailwindcss",
        "dsznajder.es7-react-js-snippets",
        "formulahendry.auto-rename-tag",
        "GitHub.copilot"
      ],
      "settings": {
        "editor.formatOnSave": true,
        "editor.defaultFormatter": "esbenp.prettier-vscode",
        "editor.codeActionsOnSave": {
          "source.fixAll.eslint": true
        }
      }
    }
  },
  "postCreateCommand": "npm install",
  "postStartCommand": "npm start",
  "forwardPorts": [3000],
  "portsAttributes": {
    "3000": {
      "label": "Application",
      "onAutoForward": "openPreview"
    }
  }
}